INSERT INTO Customers (customer_id, name, email, phone_number) VALUES
(1, 'Alice Johnson', 'alice.johnson@example.com', '1234567890'),
(2, 'Bob Smith', 'bob.smith@example.com', '9876543210'),
(3, 'Catherine Green', 'catherine.green@example.com', '4561237890'),
(4, 'David Lee', 'david.lee@example.com', '7894561230'),
(5, 'Emily Davis', 'emily.davis@example.com', '3216549870'),
(6, 'Frank White', 'frank.white@example.com', '6549873210'),
(7, 'Grace Kim', 'grace.kim@example.com', '8529637410'),
(8, 'Henry Brown', 'henry.brown@example.com', '7418529630'),
(9, 'Ivy Wilson', 'ivy.wilson@example.com', '9632587410'),
(10, 'Jack Taylor', 'jack.taylor@example.com', '2587419630'),
(11, 'Kara Moore', 'kara.moore@example.com', '1597534862'),
(12, 'Liam Clark', 'liam.clark@example.com', '7531598462'),
(13, 'Mia Hall', 'mia.hall@example.com', '3579518624'),
(14, 'Noah Lewis', 'noah.lewis@example.com', '9513574862'),
(15, 'Olivia Martinez', 'olivia.martinez@example.com', '7538462915'),
(16, 'Paul Young', 'paul.young@example.com', '8429517536'),
(17, 'Quinn Allen', 'quinn.allen@example.com', '4295731865'),
(18, 'Rachel Scott', 'rachel.scott@example.com', '9364852715'),
(19, 'Steve Adams', 'steve.adams@example.com', '8173625943'),
(20, 'Tina Baker', 'tina.baker@example.com', '2958437162');

INSERT INTO Categories (category_id, name, description) VALUES
(1, 'Electronics', 'Devices and gadgets'),
(2, 'Home Appliances', 'Appliances for household use'),
(3, 'Clothing', 'Men, women, and children apparel'),
(4, 'Books', 'Fiction, non-fiction, and academic books'),
(5, 'Sports', 'Sporting goods and equipment'),
(6, 'Beauty', 'Cosmetics and personal care products'),
(7, 'Toys', 'Toys and games for all ages'),
(8, 'Furniture', 'Indoor and outdoor furniture'),
(9, 'Groceries', 'Food and household essentials'),
(10, 'Footwear', 'Shoes and sandals');

INSERT INTO Suppliers (supplier_id, name, email, phone_number, address) VALUES
(1, 'Tech Solutions', 'tech.solutions@example.com', '9876543210', '123 Tech Street, Silicon Valley, CA'),
(2, 'Home Comforts', 'home.comforts@example.com', '8765432198', '45 Home Lane, Austin, TX'),
(3, 'Fashion Hub', 'fashion.hub@example.com', '7654321987', '67 Fashion Blvd, New York, NY'),
(4, 'Book World', 'book.world@example.com', '6543219876', '89 Book Road, Boston, MA'),
(5, 'Sports Pro', 'sports.pro@example.com', '5432198765', '101 Sports Ave, Denver, CO'),
(6, 'Beauty Bliss', 'beauty.bliss@example.com', '4321987654', '202 Beauty Lane, Miami, FL'),
(7, 'Toy Store', 'toy.store@example.com', '3219876543', '303 Toy Blvd, Chicago, IL'),
(8, 'FurniCraft', 'furnicraft@example.com', '2198765432', '404 Furniture St, Seattle, WA'),
(9, 'Grocery Mart', 'grocery.mart@example.com', '1987654321', '505 Market Ave, Houston, TX'),
(10, 'Footwear Co.', 'footwear.co@example.com', '8761234567', '606 Shoe Road, San Diego, CA');

INSERT INTO Products (product_id, supplier_id, category_id, name, price, quantity) VALUES
(1, 1, 1, 'Smartphone', 699.99, 50),
(2, 1, 1, 'Laptop', 999.99, 30),
(3, 2, 2, 'Refrigerator', 499.99, 20),
(4, 2, 2, 'Microwave', 199.99, 25),
(5, 3, 3, 'T-Shirt', 19.99, 100),
(6, 3, 3, 'Jeans', 49.99, 60),
(7, 4, 4, 'Novel', 14.99, 80),
(8, 4, 4, 'Textbook', 89.99, 40),
(9, 5, 5, 'Tennis Racket', 79.99, 15),
(10, 5, 5, 'Soccer Ball', 29.99, 50),
(11, 6, 6, 'Lipstick', 9.99, 200),
(12, 6, 6, 'Foundation', 24.99, 150),
(13, 7, 7, 'Toy Car', 14.99, 100),
(14, 7, 7, 'Puzzle', 9.99, 120),
(15, 8, 8, 'Dining Table', 299.99, 10),
(16, 8, 8, 'Sofa', 499.99, 5),
(17, 9, 9, 'Rice Bag', 19.99, 70),
(18, 9, 9, 'Cooking Oil', 9.99, 90),
(19, 10, 10, 'Running Shoes', 79.99, 40),
(20, 10, 10, 'Sandals', 29.99, 60);

INSERT INTO Orders (order_id, customer_id, order_date, total_amount) VALUES
(1, 1, '2024-01-01', 120.99),
(2, 2, '2024-01-02', 200.00),
(3, 3, '2024-01-03', 89.99),
(4, 4, '2024-01-04', 299.99),
(5, 5, '2024-01-05', 45.50),
(6, 6, '2024-01-06', 75.00),
(7, 7, '2024-01-07', 350.49),
(8, 8, '2024-01-08', 120.00),
(9, 9, '2024-01-09', 255.99),
(10, 10, '2024-01-10', 99.99),
(11, 11, '2024-01-11', 59.99),
(12, 12, '2024-01-12', 149.99),
(13, 13, '2024-01-13', 89.99),
(14, 14, '2024-01-14', 49.50),
(15, 15, '2024-01-15', 89.99),
(16, 16, '2024-01-16', 259.99),
(17, 17, '2024-01-17', 105.00),
(18, 18, '2024-01-18', 75.50),
(19, 19, '2024-01-19', 215.00),
(20, 20, '2024-01-20', 159.99),
(21, 1, '2024-01-21', 89.99),
(22, 2, '2024-01-22', 100.50),
(23, 3, '2024-01-23', 129.99),
(24, 4, '2024-01-24', 299.99),
(25, 5, '2024-01-25', 75.00),
(26, 6, '2024-01-26', 180.00),
(27, 7, '2024-01-27', 209.99),
(28, 8, '2024-01-28', 49.99),
(29, 9, '2024-01-29', 79.99),
(30, 10, '2024-01-30', 300.00);

INSERT INTO OrderItems (order_id, product_id, quantity, price) VALUES
(1, 1, 1, 699.99),
(1, 5, 2, 39.98),
(2, 3, 1, 499.99),
(2, 4, 1, 199.99),
(3, 7, 3, 44.97),
(4, 15, 1, 299.99),
(5, 13, 2, 29.98),
(6, 8, 1, 89.99),
(7, 10, 1, 29.99),
(8, 17, 1, 19.99),
(9, 12, 2, 49.98),
(10, 19, 1, 79.99),
(11, 6, 1, 49.99),
(12, 2, 1, 999.99),
(13, 9, 1, 79.99),
(14, 18, 3, 29.97),
(15, 13, 1, 14.99),
(16, 11, 3, 29.97),
(17, 20, 1, 29.99),
(18, 8, 1, 89.99),
(19, 5, 4, 79.96),
(20, 14, 2, 19.98),
(21, 16, 1, 499.99),
(22, 10, 1, 29.99),
(23, 1, 1, 699.99),
(24, 12, 1, 24.99),
(25, 9, 2, 159.98),
(26, 3, 1, 299.99),
(27, 6, 1, 24.99),
(28, 7, 2, 89.98);

INSERT INTO Payments (payment_id, order_id, payment_date, payment_method) VALUES
(1, 1, '2024-01-02', 'Credit Card'),
(2, 2, '2024-01-03', 'UPI'),
(3, 3, '2024-01-04', 'Debit Card'),
(4, 4, '2024-01-05', 'Net Banking'),
(5, 5, '2024-01-06', 'Cash on Delivery'),
(6, 6, '2024-01-07', 'Credit Card'),
(7, 7, '2024-01-08', 'UPI'),
(8, 8, '2024-01-09', 'Debit Card'),
(9, 9, '2024-01-10', 'Net Banking'),
(10, 10, '2024-01-11', 'Cash on Delivery'),
(11, 11, '2024-01-12', 'UPI'),
(12, 12, '2024-01-13', 'Credit Card'),
(13, 13, '2024-01-14', 'Net Banking'),
(14, 14, '2024-01-15', 'Debit Card'),
(15, 15, '2024-01-16', 'UPI'),
(16, 16, '2024-01-17', 'Cash on Delivery'),
(17, 17, '2024-01-18', 'Net Banking'),
(18, 18, '2024-01-19', 'Credit Card'),
(19, 19, '2024-01-20', 'UPI'),
(20, 20, '2024-01-21', 'Debit Card'),
(21, 21, '2024-01-22', 'Cash on Delivery'),
(22, 22, '2024-01-23', 'Credit Card'),
(23, 23, '2024-01-24', 'Net Banking'),
(24, 24, '2024-01-25', 'UPI'),
(25, 25, '2024-01-26', 'Cash on Delivery'),
(26, 26, '2024-01-27', 'Debit Card'),
(27, 27, '2024-01-28', 'Credit Card'),
(28, 28, '2024-01-29', 'UPI'),
(29, 29, '2024-01-30', 'Net Banking'),
(30, 30, '2024-01-31', 'Cash on Delivery');

INSERT INTO Shipping (shipping_id, order_id, shipping_method, shipping_address, shipping_date, status, delivery_date) VALUES
(1, 1, 'Standard', '123 Main St, Cityville, ZIP-10001', '2024-01-02', 'Shipped', '2024-01-05'),
(2, 2, 'Express', '456 Park Ave, Townsville, ZIP-20002', '2024-01-03', 'Received', '2024-01-03'),
(3, 3, 'Standard', '789 Elm St, Metropolis, ZIP-30003', '2024-01-04', 'Dispatched', '2024-01-07'),
(4, 4, 'Standard', '321 Oak St, Riverdale, ZIP-40004', '2024-01-05', 'Ordered', NULL),
(5, 5, 'Express', '654 Pine St, Springfield, ZIP-50005', '2024-01-06', 'Received', '2024-01-06'),
(6, 6, 'Standard', '987 Maple St, Hilltown, ZIP-60006', '2024-01-07', 'Shipped', '2024-01-10'),
(7, 7, 'Express', '159 Birch St, Lakeside, ZIP-70007', '2024-01-08', 'Dispatched', '2024-01-09'),
(8, 8, 'Standard', '753 Cedar St, Woodville, ZIP-80008', '2024-01-09', 'Shipped', '2024-01-12'),
(9, 9, 'Standard', '456 Spruce St, Greendale, ZIP-90009', '2024-01-10', 'Ordered', NULL),
(10, 10, 'Express', '369 Willow St, Brookfield, ZIP-10010', '2024-01-11', 'Received', '2024-01-11'),
(11, 11, 'Standard', '951 Palm St, Smallville, ZIP-20011', '2024-01-12', 'Dispatched', '2024-01-14'),
(12, 12, 'Express', '852 Walnut St, Riverview, ZIP-30012', '2024-01-13', 'Received', '2024-01-13'),
(13, 13, 'Standard', '753 Chestnut St, Seaside, ZIP-40013', '2024-01-14', 'Shipped', '2024-01-16'),
(14, 14, 'Express', '456 Redwood St, Highfield, ZIP-50014', '2024-01-15', 'Dispatched', '2024-01-15'),
(15, 15, 'Standard', '369 Aspen St, Meadowbrook, ZIP-60015', '2024-01-16', 'Shipped', '2024-01-19'),
(16, 16, 'Express', '123 Sycamore St, Elmwood, ZIP-70016', '2024-01-17', 'Ordered', NULL),
(17, 17, 'Standard', '456 Poplar St, Sunnydale, ZIP-80017', '2024-01-18', 'Dispatched', '2024-01-21'),
(18, 18, 'Express', '789 Dogwood St, Westfield, ZIP-90018', '2024-01-19', 'Received', '2024-01-19'),
(19, 19, 'Standard', '654 Fir St, Northwood, ZIP-10019', '2024-01-20', 'Shipped', '2024-01-23'),
(20, 20, 'Express', '987 Hickory St, Southgate, ZIP-20020', '2024-01-21', 'Received', '2024-01-21'),
(21, 21, 'Standard', '123 Cedar St, Midvale, ZIP-30021', '2024-01-22', 'Shipped', '2024-01-25'),
(22, 22, 'Express', '456 Palm St, Fairview, ZIP-40022', '2024-01-23', 'Dispatched', '2024-01-23'),
(23, 23, 'Standard', '789 Elm St, Bayside, ZIP-50023', '2024-01-24', 'Ordered', NULL),
(24, 24, 'Express', '321 Pine St, Highgrove, ZIP-60024', '2024-01-25', 'Received', '2024-01-25'),
(25, 25, 'Standard', '654 Maple St, Riverwood, ZIP-70025', '2024-01-26', 'Shipped', '2024-01-29'),
(26, 26, 'Express', '987 Oak St, Lakeside, ZIP-80026', '2024-01-27', 'Received', '2024-01-27'),
(27, 27, 'Standard', '159 Birch St, Springhill, ZIP-90027', '2024-01-28', 'Ordered', NULL),
(28, 28, 'Express', '753 Cedar St, Willowbrook, ZIP-10028', '2024-01-29', 'Dispatched', '2024-01-29'),
(29, 29, 'Standard', '951 Palm St, Greenfield, ZIP-20029', '2024-01-30', 'Shipped', '2024-02-02'),
(30, 30, 'Express', '852 Walnut St, Edgewater, ZIP-30030', '2024-01-31', 'Received', '2024-01-31');


INSERT INTO Reviews (review_id, product_id, customer_id, rating, review_text, review_date) VALUES
(1, 1, 1, 5, 'Excellent product, highly recommend!', '2024-01-07'),
(2, 2, 2, 4, 'Great value for money.', '2024-01-08'),
(3, 3, 3, 3, 'Satisfactory but could be better.', '2024-01-09'),
(4, 4, 4, 5, 'Amazing quality!', '2024-01-10'),
(5, 5, 5, 4, 'Very comfortable and stylish.', '2024-01-11'),
(6, 6, 6, 5, 'Perfect fit and excellent material.', '2024-01-12'),
(7, 7, 7, 3, 'Average product.', '2024-01-13'),
(8, 8, 8, 4, 'Good product, would buy again.', '2024-01-14'),
(9, 9, 9, 5, 'Highly durable and effective.', '2024-01-15'),
(10, 10, 10, 4, 'Decent product for the price.', '2024-01-16'),
(11, 11, 11, 5, 'Absolutely love this!', '2024-01-17'),
(12, 12, 12, 3, 'Could improve packaging.', '2024-01-18'),
(13, 13, 13, 5, 'Perfect for kids.', '2024-01-19'),
(14, 14, 14, 4, 'Good puzzle, fun to solve.', '2024-01-20'),
(15, 15, 15, 5, 'Excellent craftsmanship.', '2024-01-21'),
(16, 16, 16, 4, 'Stylish and comfortable.', '2024-01-22'),
(17, 17, 17, 3, 'Average performance.', '2024-01-23'),
(18, 18, 18, 5, 'Great addition to my kitchen.', '2024-01-24'),
(19, 19, 19, 4, 'Nice product, works as expected.', '2024-01-25'),
(20, 20, 20, 5, 'Top-notch quality.', '2024-01-26'),
(21, 1, 1, 4, 'Second time buying, satisfied.', '2024-01-27'),
(22, 2, 2, 3, 'Average product.', '2024-01-28'),
(23, 3, 3, 4, 'Good value for the price.', '2024-01-29'),
(24, 4, 4, 5, 'Highly recommend this.', '2024-01-30'),
(25, 5, 5, 4, 'Comfortable and durable.', '2024-01-31'),
(26, 6, 6, 3, 'Material could be better.', '2024-02-01'),
(27, 7, 7, 4, 'Good toy for kids.', '2024-02-02'),
(28, 8, 8, 5, 'Loved this product!', '2024-02-03'),
(29, 9, 9, 4, 'Good for daily use.', '2024-02-04'),
(30, 10, 10, 5, 'Perfect for athletes.', '2024-02-05');
